<?xml version="1.0" encoding="utf-8" ?>
<dwsync>
<file name="cancelled.mp3" server="developers.activeitzone.com//public_html/activesupershopv1.4/" local="131179011239844684" remote="131177370600000000" Dst="0" />
<file name="delete.mp3" server="developers.activeitzone.com//public_html/activesupershopv1.4/" local="131179011287811268" remote="131177370600000000" Dst="0" />
<file name="ajax_load.mp3" server="developers.activeitzone.com//public_html/activesupershopv1.4/" local="131179011196028888" remote="131177370600000000" Dst="0" />
<file name="done.mp3" server="developers.activeitzone.com//public_html/activesupershopv1.4/" local="131179011214123184" remote="131177370600000000" Dst="0" />
<file name="done1.mp3" server="developers.activeitzone.com//public_html/activesupershopv1.4/" local="131179011239694773" remote="131177370600000000" Dst="0" />
<file name="enabled.mp3" server="developers.activeitzone.com//public_html/activesupershopv1.4/" local="131179011254731109" remote="131177370600000000" Dst="0" />
<file name="featured.mp3" server="developers.activeitzone.com//public_html/activesupershopv1.4/" local="131179011272699863" remote="131177370600000000" Dst="0" />
<file name="form_submit_problem.mp3" server="developers.activeitzone.com//public_html/activesupershopv1.4/" local="131179011272699863" remote="131177370600000000" Dst="0" />
<file name="goodbye.mp3" server="developers.activeitzone.com//public_html/activesupershopv1.4/" local="131179011287861275" remote="131177370600000000" Dst="0" />
<file name="modal_closed.mp3" server="developers.activeitzone.com//public_html/activesupershopv1.4/" local="131179011302791708" remote="131177370600000000" Dst="0" />
<file name="form_submit_success.mp3" server="developers.activeitzone.com//public_html/activesupershopv1.4/" local="131179011302761662" remote="131177370600000000" Dst="0" />
<file name="sale_audio.mp3" server="developers.activeitzone.com//public_html/activesupershopv1.4/" local="131179011318733666" remote="131177370600000000" Dst="0" />
<file name="published.mp3" server="developers.activeitzone.com//public_html/activesupershopv1.4/" local="131179011333767190" remote="131177370600000000" Dst="0" />
<file name="modal_opened.mp3" server="developers.activeitzone.com//public_html/activesupershopv1.4/" local="131179011318733666" remote="131177370600000000" Dst="0" />
<file name="unpublished.mp3" server="developers.activeitzone.com//public_html/activesupershopv1.4/" local="131179011342718290" remote="131177370600000000" Dst="0" />
<file name="unfeatured.mp3" server="developers.activeitzone.com//public_html/activesupershopv1.4/" local="131179011333827224" remote="131177370600000000" Dst="0" />
</dwsync>