<?xml version="1.0" encoding="utf-8" ?>
<dwsync>
<file name="category_1.jpg" server="developers.activeitzone.com//public_html/activesupershopv1.4/" local="131179013842017449" remote="131177372400000000" Dst="0" />
<file name="category_2.jpg" server="developers.activeitzone.com//public_html/activesupershopv1.4/" local="131179013842017449" remote="131177372400000000" Dst="0" />
<file name="category_10.jpg" server="developers.activeitzone.com//public_html/activesupershopv1.4/" local="131167209753671932" remote="131167024200000000" Dst="0" />
<file name="category_3.jpg" server="developers.activeitzone.com//public_html/activesupershopv1.4/" local="131179013858384575" remote="131177372400000000" Dst="0" />
<file name="category_4.jpg" server="developers.activeitzone.com//public_html/activesupershopv1.4/" local="131179013858804872" remote="131177372400000000" Dst="0" />
<file name="category_5.jpg" server="developers.activeitzone.com//public_html/activesupershopv1.4/" local="131179013876121112" remote="131177372400000000" Dst="0" />
<file name="category_7.jpg" server="developers.activeitzone.com//public_html/activesupershopv1.4/" local="131179013879012524" remote="131177373000000000" Dst="0" />
<file name="category_8.jpg" server="developers.activeitzone.com//public_html/activesupershopv1.4/" local="131164227135708172" remote="131167024800000000" Dst="0" />
<file name="category_9.jpg" server="developers.activeitzone.com//public_html/activesupershopv1.4/" local="131167209481040628" remote="131167024800000000" Dst="0" />
<file name="category_6.jpg" server="developers.activeitzone.com//public_html/activesupershopv1.4/" local="131179024228143986" remote="131177373000000000" Dst="0" />
</dwsync>