<?xml version="1.0" encoding="utf-8" ?>
<dwsync>
<file name="blog_1_thumb.jpg" server="developers.activeitzone.com//public_html/activesupershopv1.4/" local="131179024193785313" remote="131177371200000000" Dst="0" />
<file name="blog_1.jpg" server="developers.activeitzone.com//public_html/activesupershopv1.4/" local="131179011966739539" remote="131177371200000000" Dst="0" />
<file name="blog_2.jpg" server="developers.activeitzone.com//public_html/activesupershopv1.4/" local="131179011928746085" remote="131177371200000000" Dst="0" />
<file name="blog_2_thumb.jpg" server="developers.activeitzone.com//public_html/activesupershopv1.4/" local="131179011957036560" remote="131177371200000000" Dst="0" />
<file name="blog_3.jpg" server="developers.activeitzone.com//public_html/activesupershopv1.4/" local="131179011977893016" remote="131177371200000000" Dst="0" />
<file name="blog_3_thumb.jpg" server="developers.activeitzone.com//public_html/activesupershopv1.4/" local="131179011987763703" remote="131177371200000000" Dst="0" />
<file name="blog_4_thumb.jpg" server="developers.activeitzone.com//public_html/activesupershopv1.4/" local="131179012008794424" remote="131177371800000000" Dst="0" />
<file name="blog_5.jpg" server="developers.activeitzone.com//public_html/activesupershopv1.4/" local="131179012063699814" remote="131177371800000000" Dst="0" />
<file name="blog_5_thumb.jpg" server="developers.activeitzone.com//public_html/activesupershopv1.4/" local="131179012114282206" remote="131177371800000000" Dst="0" />
<file name="index.html" server="developers.activeitzone.com//public_html/activesupershopv1.4/" local="131179012146812070" remote="131177371800000000" Dst="0" />
<file name="blog_4.jpg" server="developers.activeitzone.com//public_html/activesupershopv1.4/" local="131179024226387735" remote="131177371800000000" Dst="0" />
</dwsync>