<?xml version="1.0" encoding="utf-8" ?>
<dwsync>
<file name="index.html" server="developers.activeitzone.com//public_html/activesupershopv1.4/" local="131179015174227688" remote="131177373000000000" Dst="0" />
<file name="logo_16.png" server="developers.activeitzone.com//public_html/activesupershopv1.4/" local="131179015174227688" remote="131177373000000000" Dst="0" />
<file name="logo_17.png" server="developers.activeitzone.com//public_html/activesupershopv1.4/" local="131179015192083386" remote="131177373000000000" Dst="0" />
<file name="logo_2.png" server="developers.activeitzone.com//public_html/activesupershopv1.4/" local="131177373604860482" remote="131174823000000000" Dst="0" />
<file name="logo_18.png" server="developers.activeitzone.com//public_html/activesupershopv1.4/" local="131179015210217727" remote="131177373600000000" Dst="0" />
<file name="logo_3.png" server="developers.activeitzone.com//public_html/activesupershopv1.4/" local="131179015212873873" remote="131177373600000000" Dst="0" />
<file name="logo_58.png" server="developers.activeitzone.com//public_html/activesupershopv1.4/" local="131179015234117691" remote="131177373600000000" Dst="0" />
<file name="logo_46.png" server="developers.activeitzone.com//public_html/activesupershopv1.4/" local="131179015234127694" remote="131177373600000000" Dst="0" />
<file name="logo_60.png" server="developers.activeitzone.com//public_html/activesupershopv1.4/" local="131179015234107674" remote="131177373600000000" Dst="0" />
<file name="logo_69.png" server="developers.activeitzone.com//public_html/activesupershopv1.4/" local="131179015255110323" remote="131177373600000000" Dst="0" />
<file name="logo_70.png" server="developers.activeitzone.com//public_html/activesupershopv1.4/" local="131179015257766603" remote="131177373600000000" Dst="0" />
<file name="logo_71.png" server="developers.activeitzone.com//public_html/activesupershopv1.4/" local="131179015272141734" remote="131177373600000000" Dst="0" />
<file name="logo_72.png" server="developers.activeitzone.com//public_html/activesupershopv1.4/" local="131179015272141734" remote="131177373600000000" Dst="0" />
<file name="logo_62.png" server="developers.activeitzone.com//public_html/activesupershopv1.4/" local="131179015294121888" remote="131177373600000000" Dst="0" />
<file name="logo_73.png" server="developers.activeitzone.com//public_html/activesupershopv1.4/" local="131179015294111879" remote="131177373600000000" Dst="0" />
<file name="logo_75.png" server="developers.activeitzone.com//public_html/activesupershopv1.4/" local="131174823600105213" remote="131141618400000000" Dst="0" />
<file name="logo_74.png" server="developers.activeitzone.com//public_html/activesupershopv1.4/" local="131174823600125233" remote="131141618400000000" Dst="0" />
</dwsync>