<?xml version="1.0" encoding="utf-8" ?>
<dwsync>
<file name=".DS_Store" server="developers.activeitzone.com//public_html/activesupershopv1.4/" local="131179014271160773" remote="131177373000000000" Dst="0" />
<file name="config.php" server="developers.activeitzone.com//public_html/activesupershopv1.4/" local="131179014287098456" remote="131177373000000000" Dst="0" />
<file name="database.php" server="developers.activeitzone.com//public_html/activesupershopv1.4/" local="131179014326323153" remote="131177373000000000" Dst="0" />
<file name="database.sql" server="developers.activeitzone.com//public_html/activesupershopv1.4/" local="131179014419873760" remote="131177373000000000" Dst="0" />
<file name="index.html" server="developers.activeitzone.com//public_html/activesupershopv1.4/" local="131179014434248902" remote="131177373000000000" Dst="0" />
<file name="routes.php" server="developers.activeitzone.com//public_html/activesupershopv1.4/" local="131179014444111190" remote="131177373000000000" Dst="0" />
<file name="untitled" server="developers.activeitzone.com//public_html/activesupershopv1.4/" local="131179014445936518" remote="131177373000000000" Dst="0" />
<file name="uploadable_database.sql" server="developers.activeitzone.com//public_html/activesupershopv1.4/" local="131179015156109276" remote="131177373000000000" Dst="0" />
</dwsync>