<?xml version="1.0" encoding="utf-8" ?>
<dwsync>
<file name="1.jpg" server="developers.activeitzone.com//public_html/activesupershopv1.4/" local="131179019584059142" remote="131177376000000000" Dst="0" />
<file name="11.jpg" server="developers.activeitzone.com//public_html/activesupershopv1.4/" local="131179019624703283" remote="131177376000000000" Dst="0" />
<file name="10.jpg" server="developers.activeitzone.com//public_html/activesupershopv1.4/" local="131179019608006603" remote="131177376000000000" Dst="0" />
<file name="12.jpg" server="developers.activeitzone.com//public_html/activesupershopv1.4/" local="131179019647835531" remote="131177376000000000" Dst="0" />
<file name="2.jpg" server="developers.activeitzone.com//public_html/activesupershopv1.4/" local="131179019650957723" remote="131177376000000000" Dst="0" />
<file name="3.jpg" server="developers.activeitzone.com//public_html/activesupershopv1.4/" local="131179024315875177" remote="131177376000000000" Dst="0" />
<file name="4.jpg" server="developers.activeitzone.com//public_html/activesupershopv1.4/" local="131179024330295799" remote="131177376000000000" Dst="0" />
<file name="5.jpg" server="developers.activeitzone.com//public_html/activesupershopv1.4/" local="131179024349005439" remote="131177376000000000" Dst="0" />
<file name="7.jpg" server="developers.activeitzone.com//public_html/activesupershopv1.4/" local="131179020357246273" remote="131177376000000000" Dst="0" />
<file name="6.jpg" server="developers.activeitzone.com//public_html/activesupershopv1.4/" local="131179020354084050" remote="131177376000000000" Dst="0" />
<file name="9.jpg" server="developers.activeitzone.com//public_html/activesupershopv1.4/" local="131179020374538499" remote="131177376000000000" Dst="0" />
<file name="8.jpg" server="developers.activeitzone.com//public_html/activesupershopv1.4/" local="131179020371126085" remote="131177376000000000" Dst="0" />
<file name="index.html" server="developers.activeitzone.com//public_html/activesupershopv1.4/" local="131179020393073780" remote="131177376000000000" Dst="0" />
</dwsync>