<?xml version="1.0" encoding="utf-8" ?>
<dwsync>
<file name="banner_1.jpg" server="developers.activeitzone.com//public_html/activesupershopv1.4/" local="131179011477009749" remote="131177371200000000" Dst="0" />
<file name="banner_14.jpg" server="developers.activeitzone.com//public_html/activesupershopv1.4/" local="131179011529423431" remote="131177371200000000" Dst="0" />
<file name="banner_13_thumb.jpg" server="developers.activeitzone.com//public_html/activesupershopv1.4/" local="131179011497830223" remote="131177371200000000" Dst="0" />
<file name="banner_13.jpg" server="developers.activeitzone.com//public_html/activesupershopv1.4/" local="131179011640736799" remote="131177371200000000" Dst="0" />
<file name="banner_14_thumb.jpg" server="developers.activeitzone.com//public_html/activesupershopv1.4/" local="131179011529423431" remote="131177371200000000" Dst="0" />
<file name="banner_15_thumb.jpg" server="developers.activeitzone.com//public_html/activesupershopv1.4/" local="131179011869725769" remote="131177371200000000" Dst="0" />
<file name="banner_15.jpg" server="developers.activeitzone.com//public_html/activesupershopv1.4/" local="131179011575735254" remote="131177371200000000" Dst="0" />
<file name="banner_16.jpg" server="developers.activeitzone.com//public_html/activesupershopv1.4/" local="131179011619010571" remote="131177371200000000" Dst="0" />
<file name="banner_16_thumb.jpg" server="developers.activeitzone.com//public_html/activesupershopv1.4/" local="131179011657744894" remote="131177371200000000" Dst="0" />
<file name="banner_1_thumb.jpg" server="developers.activeitzone.com//public_html/activesupershopv1.4/" local="131179011653331817" remote="131177371200000000" Dst="0" />
<file name="banner_2.jpg" server="developers.activeitzone.com//public_html/activesupershopv1.4/" local="131179011702969219" remote="131177371200000000" Dst="0" />
<file name="banner_20.jpg" server="developers.activeitzone.com//public_html/activesupershopv1.4/" local="131179011702869143" remote="131177371200000000" Dst="0" />
<file name="banner_20_thumb.jpg" server="developers.activeitzone.com//public_html/activesupershopv1.4/" local="131179011717925074" remote="131177371200000000" Dst="0" />
<file name="banner_23_thumb.jpg" server="developers.activeitzone.com//public_html/activesupershopv1.4/" local="131179011762898204" remote="131177371200000000" Dst="0" />
<file name="banner_24.jpg" server="developers.activeitzone.com//public_html/activesupershopv1.4/" local="131179011805738183" remote="131177371200000000" Dst="0" />
<file name="banner_23.jpg" server="developers.activeitzone.com//public_html/activesupershopv1.4/" local="131179011738993695" remote="131177371200000000" Dst="0" />
<file name="banner_2_thumb.jpg" server="developers.activeitzone.com//public_html/activesupershopv1.4/" local="131179011805959362" remote="131177371200000000" Dst="0" />
<file name="banner_24_thumb.jpg" server="developers.activeitzone.com//public_html/activesupershopv1.4/" local="131179011793970859" remote="131177371200000000" Dst="0" />
<file name="banner_3.jpg" server="developers.activeitzone.com//public_html/activesupershopv1.4/" local="131179011820737412" remote="131177371200000000" Dst="0" />
<file name="banner_4.jpg" server="developers.activeitzone.com//public_html/activesupershopv1.4/" local="131179011830915771" remote="131177371200000000" Dst="0" />
<file name="banner_3_thumb.jpg" server="developers.activeitzone.com//public_html/activesupershopv1.4/" local="131179011830759370" remote="131177371200000000" Dst="0" />
<file name="banner_5_thumb.jpg" server="developers.activeitzone.com//public_html/activesupershopv1.4/" local="131179011870549534" remote="131177371200000000" Dst="0" />
<file name="banner_4_thumb.jpg" server="developers.activeitzone.com//public_html/activesupershopv1.4/" local="131179011846535344" remote="131177371200000000" Dst="0" />
<file name="default.jpg" server="developers.activeitzone.com//public_html/activesupershopv1.4/" local="131179011887765031" remote="131177371200000000" Dst="0" />
<file name="index.html" server="developers.activeitzone.com//public_html/activesupershopv1.4/" local="131179011887865269" remote="131177371200000000" Dst="0" />
<file name="banner_5.jpg" server="developers.activeitzone.com//public_html/activesupershopv1.4/" local="131179011887805042" remote="131177371200000000" Dst="0" />
</dwsync>