<?xml version="1.0" encoding="utf-8" ?>
<dwsync>
<file name=".DS_Store" server="developers.activeitzone.com//public_html/activesupershopv1.4/" local="131179015462709962" remote="131177373600000000" Dst="0" />
<file name="digital.jpg" server="developers.activeitzone.com//public_html/activesupershopv1.4/" local="131179015508018227" remote="131177373600000000" Dst="0" />
<file name="default_favicon.png" server="developers.activeitzone.com//public_html/activesupershopv1.4/" local="131179015486682927" remote="131177373600000000" Dst="0" />
<file name="favicon.jpg" server="developers.activeitzone.com//public_html/activesupershopv1.4/" local="131179015532209714" remote="131177373600000000" Dst="0" />
<file name="index.html" server="developers.activeitzone.com//public_html/activesupershopv1.4/" local="131179015579590849" remote="131177373600000000" Dst="0" />
<file name="favicon.png" server="developers.activeitzone.com//public_html/activesupershopv1.4/" local="131179015555854476" remote="131177373600000000" Dst="0" />
<file name="loader.gif" server="developers.activeitzone.com//public_html/activesupershopv1.4/" local="131179015629946086" remote="131177373600000000" Dst="0" />
<file name="install.jpg" server="developers.activeitzone.com//public_html/activesupershopv1.4/" local="131179015608770524" remote="131177373600000000" Dst="0" />
<file name="loading.gif" server="developers.activeitzone.com//public_html/activesupershopv1.4/" local="131179015654843784" remote="131177373600000000" Dst="0" />
<file name="logo_inst_ft.png" server="developers.activeitzone.com//public_html/activesupershopv1.4/" local="131179015751287717" remote="131177373600000000" Dst="0" />
<file name="mmsj.png" server="developers.activeitzone.com//public_html/activesupershopv1.4/" local="131179015794463369" remote="131177373600000000" Dst="0" />
<file name="marker.png" server="developers.activeitzone.com//public_html/activesupershopv1.4/" local="131179015777993873" remote="131177373600000000" Dst="0" />
<file name="parralax_blog.jpg" server="developers.activeitzone.com//public_html/activesupershopv1.4/" local="131179015805557100" remote="131177373600000000" Dst="0" />
<file name="parralax_search.jpg" server="developers.activeitzone.com//public_html/activesupershopv1.4/" local="131179015831567179" remote="131177373600000000" Dst="0" />
<file name="photo_default.png" server="developers.activeitzone.com//public_html/activesupershopv1.4/" local="131179015839969209" remote="131177373600000000" Dst="0" />
<file name="parralax_vendor.jpg" server="developers.activeitzone.com//public_html/activesupershopv1.4/" local="131179015840437971" remote="131177373600000000" Dst="0" />
<file name="logo_inst.png" server="developers.activeitzone.com//public_html/activesupershopv1.4/" local="131179015716706396" remote="131177373600000000" Dst="0" />
<file name="physical.jpg" server="developers.activeitzone.com//public_html/activesupershopv1.4/" local="131179015853875727" remote="131177373600000000" Dst="0" />
<file name="repeat.jpg" server="developers.activeitzone.com//public_html/activesupershopv1.4/" local="131179015862157038" remote="131177373600000000" Dst="0" />
<file name="slider_other_default.png" server="developers.activeitzone.com//public_html/activesupershopv1.4/" local="131179015872020209" remote="131177374200000000" Dst="0" />
<file name="ss.png" server="developers.activeitzone.com//public_html/activesupershopv1.4/" local="131179015884240017" remote="131177374200000000" Dst="0" />
<file name="slider default.jpg" server="developers.activeitzone.com//public_html/activesupershopv1.4/" local="131179024262105080" remote="131177374200000000" Dst="0" />
</dwsync>