<?xml version="1.0" encoding="utf-8" ?>
<dwsync>
<file name="bw.jpg" server="developers.activeitzone.com//public_html/activesupershopv1.4/" local="131179022459498752" remote="131177376600000000" Dst="0" />
<file name="blue.jpg" server="developers.activeitzone.com//public_html/activesupershopv1.4/" local="131179022432288140" remote="131177376600000000" Dst="0" />
<file name="brown.jpg" server="developers.activeitzone.com//public_html/activesupershopv1.4/" local="131179022450856412" remote="131177376600000000" Dst="0" />
<file name="cream.jpg" server="developers.activeitzone.com//public_html/activesupershopv1.4/" local="131179022469894833" remote="131177376600000000" Dst="0" />
<file name="dark.jpg" server="developers.activeitzone.com//public_html/activesupershopv1.4/" local="131179024380198203" remote="131177377200000000" Dst="0" />
<file name="green.jpg" server="developers.activeitzone.com//public_html/activesupershopv1.4/" local="131179022493227527" remote="131177377200000000" Dst="0" />
<file name="mint.jpg" server="developers.activeitzone.com//public_html/activesupershopv1.4/" local="131179024411424752" remote="131177377200000000" Dst="0" />
<file name="pink.jpg" server="developers.activeitzone.com//public_html/activesupershopv1.4/" local="131179023202324609" remote="131177377200000000" Dst="0" />
<file name="orange.jpg" server="developers.activeitzone.com//public_html/activesupershopv1.4/" local="131179024412053445" remote="131177377200000000" Dst="0" />
<file name="purple.jpg" server="developers.activeitzone.com//public_html/activesupershopv1.4/" local="131179023233710992" remote="131177377200000000" Dst="0" />
<file name="red.jpg" server="developers.activeitzone.com//public_html/activesupershopv1.4/" local="131179023271464276" remote="131177377200000000" Dst="0" />
<file name="violet.jpg" server="developers.activeitzone.com//public_html/activesupershopv1.4/" local="131179023307322843" remote="131177377200000000" Dst="0" />
<file name="yellow.jpg" server="developers.activeitzone.com//public_html/activesupershopv1.4/" local="131179023336946662" remote="131177377200000000" Dst="0" />
<file name="index.html" server="developers.activeitzone.com//public_html/activesupershopv1.4/" local="131179024380158163" remote="131177377200000000" Dst="0" />
</dwsync>