<?xml version="1.0" encoding="utf-8" ?>
<dwsync>
<file name="ase.png" server="developers.activeitzone.com//public_html/activesupershopv1.4/" local="131179019639249456" remote="131177376000000000" Dst="0" />
<file name="bg.jpg" server="developers.activeitzone.com//public_html/activesupershopv1.4/" local="131179019092326210" remote="131177376000000000" Dst="0" />
<file name="bg_apple.jpg" server="developers.activeitzone.com//public_html/activesupershopv1.4/" local="131179019116299852" remote="131177376000000000" Dst="0" />
<file name="circle_1.png" server="developers.activeitzone.com//public_html/activesupershopv1.4/" local="131179019140515412" remote="131177376000000000" Dst="0" />
<file name="circle_2.png" server="developers.activeitzone.com//public_html/activesupershopv1.4/" local="131179019169200328" remote="131177376000000000" Dst="0" />
<file name="circle_3.png" server="developers.activeitzone.com//public_html/activesupershopv1.4/" local="131179019193399839" remote="131177376000000000" Dst="0" />
<file name="index.html" server="developers.activeitzone.com//public_html/activesupershopv1.4/" local="131179019240439200" remote="131177376000000000" Dst="0" />
<file name="left.png" server="developers.activeitzone.com//public_html/activesupershopv1.4/" local="131179019268214084" remote="131177376000000000" Dst="0" />
<file name="circle_sh.png" server="developers.activeitzone.com//public_html/activesupershopv1.4/" local="131179019214723646" remote="131177376000000000" Dst="0" />
<file name="product.jpg" server="developers.activeitzone.com//public_html/activesupershopv1.4/" local="131179019316193142" remote="131177376000000000" Dst="0" />
<file name="product2.png" server="developers.activeitzone.com//public_html/activesupershopv1.4/" local="131179019340623673" remote="131177376000000000" Dst="0" />
<file name="long_1.png" server="developers.activeitzone.com//public_html/activesupershopv1.4/" local="131179019292144757" remote="131177376000000000" Dst="0" />
<file name="right.png" server="developers.activeitzone.com//public_html/activesupershopv1.4/" local="131179019413234723" remote="131177376000000000" Dst="0" />
<file name="product3.png" server="developers.activeitzone.com//public_html/activesupershopv1.4/" local="131179019391933927" remote="131177376000000000" Dst="0" />
<file name="semi_long_2.png" server="developers.activeitzone.com//public_html/activesupershopv1.4/" local="131179019464407663" remote="131177376000000000" Dst="0" />
<file name="semi_long_1.png" server="developers.activeitzone.com//public_html/activesupershopv1.4/" local="131179019440506022" remote="131177376000000000" Dst="0" />
<file name="square_1.png" server="developers.activeitzone.com//public_html/activesupershopv1.4/" local="131179019512484162" remote="131177376000000000" Dst="0" />
<file name="vertical.png" server="developers.activeitzone.com//public_html/activesupershopv1.4/" local="131179019533618288" remote="131177376000000000" Dst="0" />
<file name="semi_long_3.png" server="developers.activeitzone.com//public_html/activesupershopv1.4/" local="131179019488312495" remote="131177376000000000" Dst="0" />
</dwsync>