<?xml version="1.0" encoding="utf-8" ?>
<dwsync>
<file name="index.html" server="developers.activeitzone.com//public_html/activesupershopv1.4/" local="131179020393213879" remote="131177376000000000" Dst="0" />
<file name="slides_1_thumb.jpg" server="developers.activeitzone.com//public_html/activesupershopv1.4/" local="131177376512679472" remote="131175852600000000" Dst="0" />
<file name="slides_1.jpg" server="developers.activeitzone.com//public_html/activesupershopv1.4/" local="131177376527110910" remote="131175852600000000" Dst="0" />
<file name="slides_2.jpg" server="developers.activeitzone.com//public_html/activesupershopv1.4/" local="131179020594976176" remote="131177365200000000" Dst="0" />
<file name="slides_2_thumb.jpg" server="developers.activeitzone.com//public_html/activesupershopv1.4/" local="131179020441465472" remote="131177365200000000" Dst="0" />
<file name="slides_3.jpg" server="developers.activeitzone.com//public_html/activesupershopv1.4/" local="131179020594976176" remote="131177355000000000" Dst="0" />
<file name="slides_3_thumb.jpg" server="developers.activeitzone.com//public_html/activesupershopv1.4/" local="131179020626332350" remote="131177355000000000" Dst="0" />
<file name="slides_4_thumb.jpg" server="developers.activeitzone.com//public_html/activesupershopv1.4/" local="131179020623014048" remote="131177376000000000" Dst="0" />
<file name="slides_4.jpg" server="developers.activeitzone.com//public_html/activesupershopv1.4/" local="131179020623064094" remote="131177376000000000" Dst="0" />
<file name="slides_6_thumb.jpg" server="developers.activeitzone.com//public_html/activesupershopv1.4/" local="131174826077388828" remote="131146319400000000" Dst="0" />
<file name="slides_7_thumb.jpg" server="developers.activeitzone.com//public_html/activesupershopv1.4/" local="131179020723304721" remote="131177376000000000" Dst="0" />
<file name="slides_6.jpg" server="developers.activeitzone.com//public_html/activesupershopv1.4/" local="131174826173920771" remote="131146214400000000" Dst="0" />
<file name="slides_7.jpg" server="developers.activeitzone.com//public_html/activesupershopv1.4/" local="131179020647109309" remote="131177376000000000" Dst="0" />
</dwsync>