<?xml version="1.0" encoding="utf-8" ?>
<dwsync>
<file name="product_10_1_thumb.jpg" server="developers.activeitzone.com//public_html/activesupershopv1.4/" local="131179016066073046" remote="131177374200000000" Dst="0" />
<file name="product_10_1.jpg" server="developers.activeitzone.com//public_html/activesupershopv1.4/" local="131179016041939407" remote="131177374200000000" Dst="0" />
<file name="product_10_2.jpg" server="developers.activeitzone.com//public_html/activesupershopv1.4/" local="131179016090193359" remote="131177374200000000" Dst="0" />
<file name="product_10_2_thumb.jpg" server="developers.activeitzone.com//public_html/activesupershopv1.4/" local="131179016114083452" remote="131177374200000000" Dst="0" />
<file name="product_11_1.jpg" server="developers.activeitzone.com//public_html/activesupershopv1.4/" local="131179016138330506" remote="131177374200000000" Dst="0" />
<file name="product_11_1_thumb.jpg" server="developers.activeitzone.com//public_html/activesupershopv1.4/" local="131179016162873820" remote="131177374200000000" Dst="0" />
<file name="product_11_2_thumb.jpg" server="developers.activeitzone.com//public_html/activesupershopv1.4/" local="131179016186825009" remote="131177374200000000" Dst="0" />
<file name="product_11_2.jpg" server="developers.activeitzone.com//public_html/activesupershopv1.4/" local="131174824206594881" remote="131173936800000000" Dst="0" />
<file name="product_11_3.jpg" server="developers.activeitzone.com//public_html/activesupershopv1.4/" local="131174824206857771" remote="131173936800000000" Dst="0" />
<file name="product_11_4.jpg" server="developers.activeitzone.com//public_html/activesupershopv1.4/" local="131179016236385002" remote="131177374200000000" Dst="0" />
<file name="product_11_4_thumb.jpg" server="developers.activeitzone.com//public_html/activesupershopv1.4/" local="131179016260623737" remote="131177374200000000" Dst="0" />
<file name="product_11_3_thumb.jpg" server="developers.activeitzone.com//public_html/activesupershopv1.4/" local="131179016211520277" remote="131177374200000000" Dst="0" />
<file name="product_11_5.jpg" server="developers.activeitzone.com//public_html/activesupershopv1.4/" local="131179016287801236" remote="131177374200000000" Dst="0" />
<file name="product_11_5_thumb.jpg" server="developers.activeitzone.com//public_html/activesupershopv1.4/" local="131179016312468687" remote="131177374200000000" Dst="0" />
<file name="product_12_1.jpg" server="developers.activeitzone.com//public_html/activesupershopv1.4/" local="131179016336275976" remote="131177374200000000" Dst="0" />
<file name="product_12_1_thumb.jpg" server="developers.activeitzone.com//public_html/activesupershopv1.4/" local="131179016357778333" remote="131177374200000000" Dst="0" />
<file name="product_12_2.jpg" server="developers.activeitzone.com//public_html/activesupershopv1.4/" local="131179016382107687" remote="131177374200000000" Dst="0" />
<file name="product_12_2_thumb.jpg" server="developers.activeitzone.com//public_html/activesupershopv1.4/" local="131179016405661320" remote="131177374200000000" Dst="0" />
<file name="product_13_1_thumb.jpg" server="developers.activeitzone.com//public_html/activesupershopv1.4/" local="131179016456316186" remote="131177374200000000" Dst="0" />
<file name="product_13_2_thumb.jpg" server="developers.activeitzone.com//public_html/activesupershopv1.4/" local="131179016486639867" remote="131177374200000000" Dst="0" />
<file name="product_13_2.jpg" server="developers.activeitzone.com//public_html/activesupershopv1.4/" local="131179016474064097" remote="131177374200000000" Dst="0" />
<file name="product_13_1.jpg" server="developers.activeitzone.com//public_html/activesupershopv1.4/" local="131179016432277185" remote="131177374200000000" Dst="0" />
<file name="product_14_1_thumb.jpg" server="developers.activeitzone.com//public_html/activesupershopv1.4/" local="131179016520139776" remote="131177374200000000" Dst="0" />
<file name="product_14_1.jpg" server="developers.activeitzone.com//public_html/activesupershopv1.4/" local="131179016508369948" remote="131177374200000000" Dst="0" />
<file name="product_14_2.jpg" server="developers.activeitzone.com//public_html/activesupershopv1.4/" local="131179024315718905" remote="131177374200000000" Dst="0" />
<file name="product_15_1.jpg" server="developers.activeitzone.com//public_html/activesupershopv1.4/" local="131179016576183192" remote="131177374200000000" Dst="0" />
<file name="product_15_1_thumb.jpg" server="developers.activeitzone.com//public_html/activesupershopv1.4/" local="131179016586810367" remote="131177374200000000" Dst="0" />
<file name="product_14_2_thumb.jpg" server="developers.activeitzone.com//public_html/activesupershopv1.4/" local="131179016563722200" remote="131177374200000000" Dst="0" />
<file name="product_16_1_thumb.jpg" server="developers.activeitzone.com//public_html/activesupershopv1.4/" local="131179016611893409" remote="131177374200000000" Dst="0" />
<file name="product_16_2.jpg" server="developers.activeitzone.com//public_html/activesupershopv1.4/" local="131179016627099688" remote="131177374200000000" Dst="0" />
<file name="product_16_2_thumb.jpg" server="developers.activeitzone.com//public_html/activesupershopv1.4/" local="131179016654004295" remote="131177374200000000" Dst="0" />
<file name="product_16_1.jpg" server="developers.activeitzone.com//public_html/activesupershopv1.4/" local="131179016599154113" remote="131177374200000000" Dst="0" />
<file name="product_16_3.jpg" server="developers.activeitzone.com//public_html/activesupershopv1.4/" local="131179016686856583" remote="131177374200000000" Dst="0" />
<file name="product_16_3_thumb.jpg" server="developers.activeitzone.com//public_html/activesupershopv1.4/" local="131179016677598173" remote="131177374200000000" Dst="0" />
<file name="product_16_4_thumb.jpg" server="developers.activeitzone.com//public_html/activesupershopv1.4/" local="131179016698887935" remote="131177374200000000" Dst="0" />
<file name="product_16_4.jpg" server="developers.activeitzone.com//public_html/activesupershopv1.4/" local="131179016696075415" remote="131177374200000000" Dst="0" />
<file name="product_17_1_thumb.jpg" server="developers.activeitzone.com//public_html/activesupershopv1.4/" local="131179016721917006" remote="131177374200000000" Dst="0" />
<file name="product_18_1.jpg" server="developers.activeitzone.com//public_html/activesupershopv1.4/" local="131179016763610344" remote="131177374200000000" Dst="0" />
<file name="product_18_1_thumb.jpg" server="developers.activeitzone.com//public_html/activesupershopv1.4/" local="131179016766321444" remote="131177374200000000" Dst="0" />
<file name="product_18_2.jpg" server="developers.activeitzone.com//public_html/activesupershopv1.4/" local="131179016783986715" remote="131177374200000000" Dst="0" />
<file name="product_17_1.jpg" server="developers.activeitzone.com//public_html/activesupershopv1.4/" local="131179016713384314" remote="131177374200000000" Dst="0" />
<file name="product_18_2_thumb.jpg" server="developers.activeitzone.com//public_html/activesupershopv1.4/" local="131179016783946684" remote="131177374200000000" Dst="0" />
<file name="product_19_1_thumb.jpg" server="developers.activeitzone.com//public_html/activesupershopv1.4/" local="131179016821091309" remote="131177374200000000" Dst="0" />
<file name="product_19_1.jpg" server="developers.activeitzone.com//public_html/activesupershopv1.4/" local="131179016809595480" remote="131177374200000000" Dst="0" />
<file name="product_1_1.jpg" server="developers.activeitzone.com//public_html/activesupershopv1.4/" local="131179016884001583" remote="131177374800000000" Dst="0" />
<file name="product_1_2_thumb.jpg" server="developers.activeitzone.com//public_html/activesupershopv1.4/" local="131179016924619977" remote="131177374800000000" Dst="0" />
<file name="product_1_1_thumb.jpg" server="developers.activeitzone.com//public_html/activesupershopv1.4/" local="131179016895009372" remote="131177374800000000" Dst="0" />
<file name="product_20_1.jpg" server="developers.activeitzone.com//public_html/activesupershopv1.4/" local="131179016927139188" remote="131177374800000000" Dst="0" />
<file name="product_1_2.jpg" server="developers.activeitzone.com//public_html/activesupershopv1.4/" local="131179016911081365" remote="131177374800000000" Dst="0" />
<file name="product_20_1_thumb.jpg" server="developers.activeitzone.com//public_html/activesupershopv1.4/" local="131179016941572000" remote="131177374800000000" Dst="0" />
<file name="product_20_2.jpg" server="developers.activeitzone.com//public_html/activesupershopv1.4/" local="131179016950829389" remote="131177374800000000" Dst="0" />
<file name="product_20_2_thumb.jpg" server="developers.activeitzone.com//public_html/activesupershopv1.4/" local="131179016959400485" remote="131177374800000000" Dst="0" />
<file name="product_20_3_thumb.jpg" server="developers.activeitzone.com//public_html/activesupershopv1.4/" local="131179016976696194" remote="131177374800000000" Dst="0" />
<file name="product_20_3.jpg" server="developers.activeitzone.com//public_html/activesupershopv1.4/" local="131179016962213019" remote="131177374800000000" Dst="0" />
<file name="product_20_4.jpg" server="developers.activeitzone.com//public_html/activesupershopv1.4/" local="131179016997828408" remote="131177374800000000" Dst="0" />
<file name="product_21_1.jpg" server="developers.activeitzone.com//public_html/activesupershopv1.4/" local="131179017006936205" remote="131177374800000000" Dst="0" />
<file name="product_20_4_thumb.jpg" server="developers.activeitzone.com//public_html/activesupershopv1.4/" local="131179017006780074" remote="131177374800000000" Dst="0" />
<file name="product_21_1_thumb.jpg" server="developers.activeitzone.com//public_html/activesupershopv1.4/" local="131179017021155082" remote="131177374800000000" Dst="0" />
<file name="product_21_2.jpg" server="developers.activeitzone.com//public_html/activesupershopv1.4/" local="131179017021311339" remote="131177374800000000" Dst="0" />
<file name="product_21_3.jpg" server="developers.activeitzone.com//public_html/activesupershopv1.4/" local="131179017040506312" remote="131177374800000000" Dst="0" />
<file name="product_21_2_thumb.jpg" server="developers.activeitzone.com//public_html/activesupershopv1.4/" local="131179017040286427" remote="131177374800000000" Dst="0" />
<file name="product_21_3_thumb.jpg" server="developers.activeitzone.com//public_html/activesupershopv1.4/" local="131179017055187479" remote="131177374800000000" Dst="0" />
<file name="product_22_1_thumb.jpg" server="developers.activeitzone.com//public_html/activesupershopv1.4/" local="131179017069012090" remote="131177374800000000" Dst="0" />
<file name="product_22_1.jpg" server="developers.activeitzone.com//public_html/activesupershopv1.4/" local="131179017055157447" remote="131177374800000000" Dst="0" />
<file name="product_22_2.jpg" server="developers.activeitzone.com//public_html/activesupershopv1.4/" local="131179017069012090" remote="131177374800000000" Dst="0" />
<file name="product_22_2_thumb.jpg" server="developers.activeitzone.com//public_html/activesupershopv1.4/" local="131179017083182196" remote="131177374800000000" Dst="0" />
<file name="product_22_3.jpg" server="developers.activeitzone.com//public_html/activesupershopv1.4/" local="131179017088973132" remote="131177374800000000" Dst="0" />
<file name="product_22_3_thumb.jpg" server="developers.activeitzone.com//public_html/activesupershopv1.4/" local="131179017100521283" remote="131177374800000000" Dst="0" />
<file name="product_2_1.jpg" server="developers.activeitzone.com//public_html/activesupershopv1.4/" local="131179017395989391" remote="131177374800000000" Dst="0" />
<file name="product_2_1_thumb.jpg" server="developers.activeitzone.com//public_html/activesupershopv1.4/" local="131179017423066736" remote="131177375400000000" Dst="0" />
<file name="product_2_2.jpg" server="developers.activeitzone.com//public_html/activesupershopv1.4/" local="131179017411226781" remote="131177375400000000" Dst="0" />
<file name="product_3_1.jpg" server="developers.activeitzone.com//public_html/activesupershopv1.4/" local="131179017978433078" remote="131177375400000000" Dst="0" />
<file name="product_2_2_thumb.jpg" server="developers.activeitzone.com//public_html/activesupershopv1.4/" local="131179017957574508" remote="131177375400000000" Dst="0" />
<file name="product_3_1_thumb.jpg" server="developers.activeitzone.com//public_html/activesupershopv1.4/" local="131179017994797985" remote="131177375400000000" Dst="0" />
<file name="product_3_2.jpg" server="developers.activeitzone.com//public_html/activesupershopv1.4/" local="131179018019995308" remote="131177375400000000" Dst="0" />
<file name="product_3_2_thumb.jpg" server="developers.activeitzone.com//public_html/activesupershopv1.4/" local="131179018008879398" remote="131177375400000000" Dst="0" />
<file name="product_3_3.jpg" server="developers.activeitzone.com//public_html/activesupershopv1.4/" local="131179018022964070" remote="131177375400000000" Dst="0" />
<file name="product_3_4.jpg" server="developers.activeitzone.com//public_html/activesupershopv1.4/" local="131179018045756042" remote="131177375400000000" Dst="0" />
<file name="product_3_3_thumb.jpg" server="developers.activeitzone.com//public_html/activesupershopv1.4/" local="131179018035198974" remote="131177375400000000" Dst="0" />
<file name="product_3_4_thumb.jpg" server="developers.activeitzone.com//public_html/activesupershopv1.4/" local="131179018059383561" remote="131177375400000000" Dst="0" />
<file name="product_3_5_thumb.jpg" server="developers.activeitzone.com//public_html/activesupershopv1.4/" local="131179018073948077" remote="131177375400000000" Dst="0" />
<file name="product_3_5.jpg" server="developers.activeitzone.com//public_html/activesupershopv1.4/" local="131179018057919549" remote="131177375400000000" Dst="0" />
<file name="product_4_1.jpg" server="developers.activeitzone.com//public_html/activesupershopv1.4/" local="131179018135508632" remote="131177375400000000" Dst="0" />
<file name="product_4_2.jpg" server="developers.activeitzone.com//public_html/activesupershopv1.4/" local="131179018138273352" remote="131177375400000000" Dst="0" />
<file name="product_5_1.jpg" server="developers.activeitzone.com//public_html/activesupershopv1.4/" local="131179018157622830" remote="131177375400000000" Dst="0" />
<file name="product_4_1_thumb.jpg" server="developers.activeitzone.com//public_html/activesupershopv1.4/" local="131179018135568660" remote="131177375400000000" Dst="0" />
<file name="product_4_2_thumb.jpg" server="developers.activeitzone.com//public_html/activesupershopv1.4/" local="131179018157582690" remote="131177375400000000" Dst="0" />
<file name="product_5_1_thumb.jpg" server="developers.activeitzone.com//public_html/activesupershopv1.4/" local="131179018157702763" remote="131177375400000000" Dst="0" />
<file name="product_5_2_thumb.jpg" server="developers.activeitzone.com//public_html/activesupershopv1.4/" local="131179018177015634" remote="131177375400000000" Dst="0" />
<file name="product_5_2.jpg" server="developers.activeitzone.com//public_html/activesupershopv1.4/" local="131179018177015634" remote="131177375400000000" Dst="0" />
<file name="product_5_3.jpg" server="developers.activeitzone.com//public_html/activesupershopv1.4/" local="131179018177171891" remote="131177375400000000" Dst="0" />
<file name="product_5_4.jpg" server="developers.activeitzone.com//public_html/activesupershopv1.4/" local="131179018196948275" remote="131177375400000000" Dst="0" />
<file name="product_5_3_thumb.jpg" server="developers.activeitzone.com//public_html/activesupershopv1.4/" local="131179018196908247" remote="131177375400000000" Dst="0" />
<file name="product_6_1.jpg" server="developers.activeitzone.com//public_html/activesupershopv1.4/" local="131179018216955099" remote="131177375400000000" Dst="0" />
<file name="product_6_1_thumb.jpg" server="developers.activeitzone.com//public_html/activesupershopv1.4/" local="131179018216915077" remote="131177375400000000" Dst="0" />
<file name="product_5_4_thumb.jpg" server="developers.activeitzone.com//public_html/activesupershopv1.4/" local="131179018197142540" remote="131177375400000000" Dst="0" />
<file name="product_6_3.jpg" server="developers.activeitzone.com//public_html/activesupershopv1.4/" local="131179018245873737" remote="131177376000000000" Dst="0" />
<file name="product_6_2.jpg" server="developers.activeitzone.com//public_html/activesupershopv1.4/" local="131179018231108649" remote="131177375400000000" Dst="0" />
<file name="product_6_2_thumb.jpg" server="developers.activeitzone.com//public_html/activesupershopv1.4/" local="131179018231108649" remote="131177375400000000" Dst="0" />
<file name="product_7_1_thumb.jpg" server="developers.activeitzone.com//public_html/activesupershopv1.4/" local="131177376004641138" remote="131174824800000000" Dst="0" />
<file name="product_6_3_thumb.jpg" server="developers.activeitzone.com//public_html/activesupershopv1.4/" local="131179024287424049" remote="131177376000000000" Dst="0" />
<file name="product_7_1.jpg" server="developers.activeitzone.com//public_html/activesupershopv1.4/" local="131179018248755765" remote="131177376000000000" Dst="0" />
<file name="product_7_2_thumb.jpg" server="developers.activeitzone.com//public_html/activesupershopv1.4/" local="131179018268879753" remote="131177376000000000" Dst="0" />
<file name="product_7_2.jpg" server="developers.activeitzone.com//public_html/activesupershopv1.4/" local="131179018259935870" remote="131177376000000000" Dst="0" />
<file name="product_7_3.jpg" server="developers.activeitzone.com//public_html/activesupershopv1.4/" local="131179018277176510" remote="131177376000000000" Dst="0" />
<file name="product_8_1.jpg" server="developers.activeitzone.com//public_html/activesupershopv1.4/" local="131179018294586280" remote="131177376000000000" Dst="0" />
<file name="product_7_3_thumb.jpg" server="developers.activeitzone.com//public_html/activesupershopv1.4/" local="131179024300767963" remote="131177376000000000" Dst="0" />
<file name="product_8_2.jpg" server="developers.activeitzone.com//public_html/activesupershopv1.4/" local="131179018345120199" remote="131177376000000000" Dst="0" />
<file name="product_8_1_thumb.jpg" server="developers.activeitzone.com//public_html/activesupershopv1.4/" local="131179018318584441" remote="131177376000000000" Dst="0" />
<file name="product_9_1_thumb.jpg" server="developers.activeitzone.com//public_html/activesupershopv1.4/" local="131174825409348488" remote="131173924800000000" Dst="0" />
<file name="product_8_2_thumb.jpg" server="developers.activeitzone.com//public_html/activesupershopv1.4/" local="131174825409393522" remote="131173921800000000" Dst="0" />
<file name="product_9_1.jpg" server="developers.activeitzone.com//public_html/activesupershopv1.4/" local="131174825409418539" remote="131173924800000000" Dst="0" />
<file name="product_9_2_thumb.jpg" server="developers.activeitzone.com//public_html/activesupershopv1.4/" local="131179018911783508" remote="131177376000000000" Dst="0" />
<file name="product_9_2.jpg" server="developers.activeitzone.com//public_html/activesupershopv1.4/" local="131179018423026758" remote="131177376000000000" Dst="0" />
<file name="product_17_2.jpg" server="developers.activeitzone.com//public_html/activesupershopv1.4/" local="131179016730586196" remote="131177374200000000" Dst="0" />
<file name="product_17_2_thumb.jpg" server="developers.activeitzone.com//public_html/activesupershopv1.4/" local="131179016739391491" remote="131177374200000000" Dst="0" />
<file name="product_17_3.jpg" server="developers.activeitzone.com//public_html/activesupershopv1.4/" local="131179016747985219" remote="131177374200000000" Dst="0" />
<file name="product_17_3_thumb.jpg" server="developers.activeitzone.com//public_html/activesupershopv1.4/" local="131179016750954110" remote="131177374200000000" Dst="0" />
<file name="product_18_3.jpg" server="developers.activeitzone.com//public_html/activesupershopv1.4/" local="131179016798033007" remote="131177374200000000" Dst="0" />
<file name="product_18_3_thumb.jpg" server="developers.activeitzone.com//public_html/activesupershopv1.4/" local="131179016806470563" remote="131177374200000000" Dst="0" />
<file name="product_19_2.jpg" server="developers.activeitzone.com//public_html/activesupershopv1.4/" local="131179016823743188" remote="131177374200000000" Dst="0" />
<file name="product_19_2_thumb.jpg" server="developers.activeitzone.com//public_html/activesupershopv1.4/" local="131179016837493026" remote="131177374200000000" Dst="0" />
<file name="product_19_3.jpg" server="developers.activeitzone.com//public_html/activesupershopv1.4/" local="131179016846033492" remote="131177374800000000" Dst="0" />
<file name="product_19_3_thumb.jpg" server="developers.activeitzone.com//public_html/activesupershopv1.4/" local="131179016846189723" remote="131177374200000000" Dst="0" />
<file name="product_19_4_thumb.jpg" server="developers.activeitzone.com//public_html/activesupershopv1.4/" local="131179016860877356" remote="131177374800000000" Dst="0" />
<file name="product_19_4.jpg" server="developers.activeitzone.com//public_html/activesupershopv1.4/" local="131179016860721107" remote="131177374800000000" Dst="0" />
<file name="product_23_1.jpg" server="developers.activeitzone.com//public_html/activesupershopv1.4/" local="131179017103073094" remote="131177374800000000" Dst="0" />
<file name="product_23_1_thumb.jpg" server="developers.activeitzone.com//public_html/activesupershopv1.4/" local="131179017117479918" remote="131177374800000000" Dst="0" />
<file name="product_23_2.jpg" server="developers.activeitzone.com//public_html/activesupershopv1.4/" local="131179017127011265" remote="131177374800000000" Dst="0" />
<file name="product_23_2_thumb.jpg" server="developers.activeitzone.com//public_html/activesupershopv1.4/" local="131179017127636272" remote="131177374800000000" Dst="0" />
<file name="product_23_3.jpg" server="developers.activeitzone.com//public_html/activesupershopv1.4/" local="131179017173767431" remote="131177374800000000" Dst="0" />
<file name="product_23_3_thumb.jpg" server="developers.activeitzone.com//public_html/activesupershopv1.4/" local="131179017173923690" remote="131177374800000000" Dst="0" />
<file name="product_23_4.jpg" server="developers.activeitzone.com//public_html/activesupershopv1.4/" local="131179017189155614" remote="131177374800000000" Dst="0" />
<file name="product_23_4_thumb.jpg" server="developers.activeitzone.com//public_html/activesupershopv1.4/" local="131179017189105589" remote="131177374800000000" Dst="0" />
<file name="product_24_1_thumb.jpg" server="developers.activeitzone.com//public_html/activesupershopv1.4/" local="131179017204321384" remote="131177374800000000" Dst="0" />
<file name="product_24_1.jpg" server="developers.activeitzone.com//public_html/activesupershopv1.4/" local="131179017204072907" remote="131177374800000000" Dst="0" />
<file name="product_24_2.jpg" server="developers.activeitzone.com//public_html/activesupershopv1.4/" local="131175034203555106" remote="131174781000000000" Dst="0" />
<file name="product_24_2_thumb.jpg" server="developers.activeitzone.com//public_html/activesupershopv1.4/" local="131175034203847485" remote="131174781000000000" Dst="0" />
<file name="product_24_3.jpg" server="developers.activeitzone.com//public_html/activesupershopv1.4/" local="131179017246802710" remote="131177374800000000" Dst="0" />
<file name="product_24_3_thumb.jpg" server="developers.activeitzone.com//public_html/activesupershopv1.4/" local="131179017221776983" remote="131177374800000000" Dst="0" />
<file name="product_24_4.jpg" server="developers.activeitzone.com//public_html/activesupershopv1.4/" local="131179017224433384" remote="131177374800000000" Dst="0" />
<file name="product_25_1.jpg" server="developers.activeitzone.com//public_html/activesupershopv1.4/" local="131179017249384130" remote="131177374800000000" Dst="0" />
<file name="product_24_4_thumb.jpg" server="developers.activeitzone.com//public_html/activesupershopv1.4/" local="131179017246752670" remote="131177374800000000" Dst="0" />
<file name="product_25_2_thumb.jpg" server="developers.activeitzone.com//public_html/activesupershopv1.4/" local="131179017267219488" remote="131177374800000000" Dst="0" />
<file name="product_25_1_thumb.jpg" server="developers.activeitzone.com//public_html/activesupershopv1.4/" local="131179017267309676" remote="131177374800000000" Dst="0" />
<file name="product_25_2.jpg" server="developers.activeitzone.com//public_html/activesupershopv1.4/" local="131179017267259522" remote="131177374800000000" Dst="0" />
<file name="product_26_1_thumb.jpg" server="developers.activeitzone.com//public_html/activesupershopv1.4/" local="131179017293360224" remote="131177374800000000" Dst="0" />
<file name="product_26_1.jpg" server="developers.activeitzone.com//public_html/activesupershopv1.4/" local="131179017293330198" remote="131177374800000000" Dst="0" />
<file name="product_26_2.jpg" server="developers.activeitzone.com//public_html/activesupershopv1.4/" local="131179017299251049" remote="131177374800000000" Dst="0" />
<file name="product_26_2_thumb.jpg" server="developers.activeitzone.com//public_html/activesupershopv1.4/" local="131179017317971266" remote="131177374800000000" Dst="0" />
<file name="product_26_3.jpg" server="developers.activeitzone.com//public_html/activesupershopv1.4/" local="131179017318001280" remote="131177374800000000" Dst="0" />
<file name="product_26_3_thumb.jpg" server="developers.activeitzone.com//public_html/activesupershopv1.4/" local="131179017334059127" remote="131177374800000000" Dst="0" />
<file name="product_27_1.jpg" server="developers.activeitzone.com//public_html/activesupershopv1.4/" local="131179017334059127" remote="131177374800000000" Dst="0" />
<file name="product_27_1_thumb.jpg" server="developers.activeitzone.com//public_html/activesupershopv1.4/" local="131179017334215378" remote="131177374800000000" Dst="0" />
<file name="product_28_1.jpg" server="developers.activeitzone.com//public_html/activesupershopv1.4/" local="131179017355210525" remote="131177374800000000" Dst="0" />
<file name="product_29_1_thumb.jpg" server="developers.activeitzone.com//public_html/activesupershopv1.4/" local="131179017370110642" remote="131177374800000000" Dst="0" />
<file name="product_28_1_thumb.jpg" server="developers.activeitzone.com//public_html/activesupershopv1.4/" local="131179017355053811" remote="131177374800000000" Dst="0" />
<file name="product_29_1.jpg" server="developers.activeitzone.com//public_html/activesupershopv1.4/" local="131179017370080614" remote="131177374800000000" Dst="0" />
<file name="product_30_1.jpg" server="developers.activeitzone.com//public_html/activesupershopv1.4/" local="131179017977499630" remote="131177375400000000" Dst="0" />
<file name="product_30_1_thumb.jpg" server="developers.activeitzone.com//public_html/activesupershopv1.4/" local="131179017437124007" remote="131177375400000000" Dst="0" />
<file name="product_30_2_thumb.jpg" server="developers.activeitzone.com//public_html/activesupershopv1.4/" local="131179017499024987" remote="131177375400000000" Dst="0" />
<file name="product_31_1.jpg" server="developers.activeitzone.com//public_html/activesupershopv1.4/" local="131179017527095723" remote="131177375400000000" Dst="0" />
<file name="product_31_1_thumb.jpg" server="developers.activeitzone.com//public_html/activesupershopv1.4/" local="131179017548741683" remote="131177375400000000" Dst="0" />
<file name="product_30_2.jpg" server="developers.activeitzone.com//public_html/activesupershopv1.4/" local="131179017474003093" remote="131177375400000000" Dst="0" />
<file name="product_32_1_thumb.jpg" server="developers.activeitzone.com//public_html/activesupershopv1.4/" local="131179017607278252" remote="131177375400000000" Dst="0" />
<file name="product_32_1.jpg" server="developers.activeitzone.com//public_html/activesupershopv1.4/" local="131179017583231201" remote="131177375400000000" Dst="0" />
<file name="product_33_1_thumb.jpg" server="developers.activeitzone.com//public_html/activesupershopv1.4/" local="131179017669645329" remote="131177375400000000" Dst="0" />
<file name="product_33_1.jpg" server="developers.activeitzone.com//public_html/activesupershopv1.4/" local="131179017648503059" remote="131177375400000000" Dst="0" />
<file name="product_34_1.jpg" server="developers.activeitzone.com//public_html/activesupershopv1.4/" local="131179017696180392" remote="131177375400000000" Dst="0" />
<file name="product_34_1_thumb.jpg" server="developers.activeitzone.com//public_html/activesupershopv1.4/" local="131179017717521580" remote="131177375400000000" Dst="0" />
<file name="product_35_1_thumb.jpg" server="developers.activeitzone.com//public_html/activesupershopv1.4/" local="131179017798009611" remote="131177375400000000" Dst="0" />
<file name="product_36_1.jpg" server="developers.activeitzone.com//public_html/activesupershopv1.4/" local="131179017824727588" remote="131177375400000000" Dst="0" />
<file name="product_35_1.jpg" server="developers.activeitzone.com//public_html/activesupershopv1.4/" local="131179017755296432" remote="131177375400000000" Dst="0" />
<file name="product_36_1_thumb.jpg" server="developers.activeitzone.com//public_html/activesupershopv1.4/" local="131179017846247340" remote="131177375400000000" Dst="0" />
<file name="product_38_1.jpg" server="developers.activeitzone.com//public_html/activesupershopv1.4/" local="131179017879258905" remote="131177375400000000" Dst="0" />
<file name="product_39_1_thumb.jpg" server="developers.activeitzone.com//public_html/activesupershopv1.4/" local="131179017959499227" remote="131177375400000000" Dst="0" />
<file name="product_38_1_thumb.jpg" server="developers.activeitzone.com//public_html/activesupershopv1.4/" local="131179017902916781" remote="131177375400000000" Dst="0" />
<file name="product_39_1.jpg" server="developers.activeitzone.com//public_html/activesupershopv1.4/" local="131179017936482038" remote="131177375400000000" Dst="0" />
<file name="product_40_1_thumb.jpg" server="developers.activeitzone.com//public_html/activesupershopv1.4/" local="131179018073166821" remote="131177375400000000" Dst="0" />
<file name="product_40_1.jpg" server="developers.activeitzone.com//public_html/activesupershopv1.4/" local="131179018087146458" remote="131177375400000000" Dst="0" />
<file name="product_41_1.jpg" server="developers.activeitzone.com//public_html/activesupershopv1.4/" local="131179018087226532" remote="131177375400000000" Dst="0" />
<file name="product_41_1_thumb.jpg" server="developers.activeitzone.com//public_html/activesupershopv1.4/" local="131179018087106432" remote="131177375400000000" Dst="0" />
<file name="product_42_1_thumb.jpg" server="developers.activeitzone.com//public_html/activesupershopv1.4/" local="131179018107358182" remote="131177375400000000" Dst="0" />
<file name="product_43_1.jpg" server="developers.activeitzone.com//public_html/activesupershopv1.4/" local="131179018121335168" remote="131177375400000000" Dst="0" />
<file name="product_43_1_thumb.jpg" server="developers.activeitzone.com//public_html/activesupershopv1.4/" local="131179018121335168" remote="131177375400000000" Dst="0" />
<file name="product_42_1.jpg" server="developers.activeitzone.com//public_html/activesupershopv1.4/" local="131179018108106999" remote="131177375400000000" Dst="0" />
<file name="product_8_3.jpg" server="developers.activeitzone.com//public_html/activesupershopv1.4/" local="131179018368893413" remote="131177376000000000" Dst="0" />
<file name="product_8_4.jpg" server="developers.activeitzone.com//public_html/activesupershopv1.4/" local="131179018390633253" remote="131177376000000000" Dst="0" />
</dwsync>