<?xml version="1.0" encoding="utf-8" ?>
<dwsync>
<file name="index.html" server="developers.activeitzone.com//public_html/activesupershopv1.4/" local="131179013815122698" remote="131177372400000000" Dst="0" />
<file name="brand_10.jpg" server="developers.activeitzone.com//public_html/activesupershopv1.4/" local="131179012186953486" remote="131177371800000000" Dst="0" />
<file name="brand_13.jpg" server="developers.activeitzone.com//public_html/activesupershopv1.4/" local="131179012875258313" remote="131177371800000000" Dst="0" />
<file name="brand_12.jpg" server="developers.activeitzone.com//public_html/activesupershopv1.4/" local="131179012779798521" remote="131177371800000000" Dst="0" />
<file name="brand_11.jpg" server="developers.activeitzone.com//public_html/activesupershopv1.4/" local="131179012501855146" remote="131177371800000000" Dst="0" />
<file name="brand_15.jpg" server="developers.activeitzone.com//public_html/activesupershopv1.4/" local="131179012990036638" remote="131177371800000000" Dst="0" />
<file name="brand_16.jpg" server="developers.activeitzone.com//public_html/activesupershopv1.4/" local="131179012983876237" remote="131177371800000000" Dst="0" />
<file name="brand_14.jpg" server="developers.activeitzone.com//public_html/activesupershopv1.4/" local="131179012968791383" remote="131177371800000000" Dst="0" />
<file name="brand_19.jpg" server="developers.activeitzone.com//public_html/activesupershopv1.4/" local="131179013012248182" remote="131177371800000000" Dst="0" />
<file name="brand_18.jpg" server="developers.activeitzone.com//public_html/activesupershopv1.4/" local="131179013011977990" remote="131177371800000000" Dst="0" />
<file name="brand_17.jpg" server="developers.activeitzone.com//public_html/activesupershopv1.4/" local="131179013011977990" remote="131177371800000000" Dst="0" />
<file name="brand_22.jpg" server="developers.activeitzone.com//public_html/activesupershopv1.4/" local="131179013032898145" remote="131177371800000000" Dst="0" />
<file name="brand_20.jpg" server="developers.activeitzone.com//public_html/activesupershopv1.4/" local="131179013032898145" remote="131177371800000000" Dst="0" />
<file name="brand_21.jpg" server="developers.activeitzone.com//public_html/activesupershopv1.4/" local="131179013032898145" remote="131177371800000000" Dst="0" />
<file name="brand_23.jpg" server="developers.activeitzone.com//public_html/activesupershopv1.4/" local="131179013053835863" remote="131177371800000000" Dst="0" />
<file name="brand_25.jpg" server="developers.activeitzone.com//public_html/activesupershopv1.4/" local="131179013053955757" remote="131177371800000000" Dst="0" />
<file name="brand_24.jpg" server="developers.activeitzone.com//public_html/activesupershopv1.4/" local="131179013053955757" remote="131177371800000000" Dst="0" />
<file name="brand_26.jpg" server="developers.activeitzone.com//public_html/activesupershopv1.4/" local="131179013081846427" remote="131177371800000000" Dst="0" />
<file name="brand_27.jpg" server="developers.activeitzone.com//public_html/activesupershopv1.4/" local="131179013081846427" remote="131177371800000000" Dst="0" />
<file name="brand_30.jpg" server="developers.activeitzone.com//public_html/activesupershopv1.4/" local="131179013103956203" remote="131177371800000000" Dst="0" />
<file name="brand_28.jpg" server="developers.activeitzone.com//public_html/activesupershopv1.4/" local="131179013082002942" remote="131177371800000000" Dst="0" />
<file name="brand_32.jpg" server="developers.activeitzone.com//public_html/activesupershopv1.4/" local="131179013124907474" remote="131177371800000000" Dst="0" />
<file name="brand_29.jpg" server="developers.activeitzone.com//public_html/activesupershopv1.4/" local="131179013103956203" remote="131177371800000000" Dst="0" />
<file name="brand_31.jpg" server="developers.activeitzone.com//public_html/activesupershopv1.4/" local="131179013103956203" remote="131177371800000000" Dst="0" />
<file name="brand_33.jpg" server="developers.activeitzone.com//public_html/activesupershopv1.4/" local="131179013124917495" remote="131177371800000000" Dst="0" />
<file name="brand_34.jpg" server="developers.activeitzone.com//public_html/activesupershopv1.4/" local="131179013125175107" remote="131177371800000000" Dst="0" />
<file name="brand_37.jpg" server="developers.activeitzone.com//public_html/activesupershopv1.4/" local="131179013145953345" remote="131177371800000000" Dst="0" />
<file name="brand_36.jpg" server="developers.activeitzone.com//public_html/activesupershopv1.4/" local="131179013145813172" remote="131177371800000000" Dst="0" />
<file name="brand_35.jpg" server="developers.activeitzone.com//public_html/activesupershopv1.4/" local="131179013145813172" remote="131177371800000000" Dst="0" />
<file name="brand_38.jpg" server="developers.activeitzone.com//public_html/activesupershopv1.4/" local="131179013166945645" remote="131177372400000000" Dst="0" />
<file name="brand_39.jpg" server="developers.activeitzone.com//public_html/activesupershopv1.4/" local="131179013167186738" remote="131177372400000000" Dst="0" />
<file name="brand_41.jpg" server="developers.activeitzone.com//public_html/activesupershopv1.4/" local="131177372408866188" remote="131174821200000000" Dst="0" />
<file name="brand_40.jpg" server="developers.activeitzone.com//public_html/activesupershopv1.4/" local="131179013166965650" remote="131177372400000000" Dst="0" />
<file name="brand_44.jpg" server="developers.activeitzone.com//public_html/activesupershopv1.4/" local="131179013188974510" remote="131177372400000000" Dst="0" />
<file name="brand_43.jpg" server="developers.activeitzone.com//public_html/activesupershopv1.4/" local="131177372408896217" remote="131174821200000000" Dst="0" />
<file name="brand_46.jpg" server="developers.activeitzone.com//public_html/activesupershopv1.4/" local="131179013188974510" remote="131177372400000000" Dst="0" />
<file name="brand_45.jpg" server="developers.activeitzone.com//public_html/activesupershopv1.4/" local="131179013188974510" remote="131177372400000000" Dst="0" />
<file name="brand_42.jpg" server="developers.activeitzone.com//public_html/activesupershopv1.4/" local="131177372408976271" remote="131174821200000000" Dst="0" />
<file name="brand_47.jpg" server="developers.activeitzone.com//public_html/activesupershopv1.4/" local="131179013209880754" remote="131177372400000000" Dst="0" />
<file name="brand_48.jpg" server="developers.activeitzone.com//public_html/activesupershopv1.4/" local="131179013209880754" remote="131177372400000000" Dst="0" />
<file name="brand_50.jpg" server="developers.activeitzone.com//public_html/activesupershopv1.4/" local="131179013231836645" remote="131177372400000000" Dst="0" />
<file name="brand_51.jpg" server="developers.activeitzone.com//public_html/activesupershopv1.4/" local="131179013231836645" remote="131177372400000000" Dst="0" />
<file name="brand_49.jpg" server="developers.activeitzone.com//public_html/activesupershopv1.4/" local="131179013210180778" remote="131177372400000000" Dst="0" />
<file name="brand_54.jpg" server="developers.activeitzone.com//public_html/activesupershopv1.4/" local="131179013254960898" remote="131177372400000000" Dst="0" />
<file name="brand_52.jpg" server="developers.activeitzone.com//public_html/activesupershopv1.4/" local="131179013231993259" remote="131177372400000000" Dst="0" />
<file name="brand_53.jpg" server="developers.activeitzone.com//public_html/activesupershopv1.4/" local="131179013254960898" remote="131177372400000000" Dst="0" />
<file name="brand_57.jpg" server="developers.activeitzone.com//public_html/activesupershopv1.4/" local="131179013274035855" remote="131177372400000000" Dst="0" />
<file name="brand_55.jpg" server="developers.activeitzone.com//public_html/activesupershopv1.4/" local="131179013255117410" remote="131177372400000000" Dst="0" />
<file name="brand_56.jpg" server="developers.activeitzone.com//public_html/activesupershopv1.4/" local="131179013280313857" remote="131177372400000000" Dst="0" />
<file name="brand_59.jpg" server="developers.activeitzone.com//public_html/activesupershopv1.4/" local="131179013279942649" remote="131177372400000000" Dst="0" />
<file name="brand_6.jpg" server="developers.activeitzone.com//public_html/activesupershopv1.4/" local="131179013302032692" remote="131177372400000000" Dst="0" />
<file name="brand_60.jpg" server="developers.activeitzone.com//public_html/activesupershopv1.4/" local="131179013302032692" remote="131177372400000000" Dst="0" />
<file name="brand_61.jpg" server="developers.activeitzone.com//public_html/activesupershopv1.4/" local="131179013302032692" remote="131177372400000000" Dst="0" />
<file name="brand_63.jpg" server="developers.activeitzone.com//public_html/activesupershopv1.4/" local="131179013323907911" remote="131177372400000000" Dst="0" />
<file name="brand_62.jpg" server="developers.activeitzone.com//public_html/activesupershopv1.4/" local="131179013323751519" remote="131177372400000000" Dst="0" />
<file name="brand_66.jpg" server="developers.activeitzone.com//public_html/activesupershopv1.4/" local="131179013344860575" remote="131177372400000000" Dst="0" />
<file name="brand_65.jpg" server="developers.activeitzone.com//public_html/activesupershopv1.4/" local="131179013344860575" remote="131177372400000000" Dst="0" />
<file name="brand_64.jpg" server="developers.activeitzone.com//public_html/activesupershopv1.4/" local="131179013324220407" remote="131177372400000000" Dst="0" />
<file name="brand_68.jpg" server="developers.activeitzone.com//public_html/activesupershopv1.4/" local="131179013365994693" remote="131177372400000000" Dst="0" />
<file name="brand_69.jpg" server="developers.activeitzone.com//public_html/activesupershopv1.4/" local="131179013365994693" remote="131177372400000000" Dst="0" />
<file name="brand_67.jpg" server="developers.activeitzone.com//public_html/activesupershopv1.4/" local="131179013345016835" remote="131177372400000000" Dst="0" />
<file name="brand_7.jpg" server="developers.activeitzone.com//public_html/activesupershopv1.4/" local="131179013365994693" remote="131177372400000000" Dst="0" />
<file name="brand_70.jpg" server="developers.activeitzone.com//public_html/activesupershopv1.4/" local="131179013391813598" remote="131177372400000000" Dst="0" />
<file name="brand_71.jpg" server="developers.activeitzone.com//public_html/activesupershopv1.4/" local="131179013391813598" remote="131177372400000000" Dst="0" />
<file name="brand_73.jpg" server="developers.activeitzone.com//public_html/activesupershopv1.4/" local="131179013443079481" remote="131177372400000000" Dst="0" />
<file name="brand_72.jpg" server="developers.activeitzone.com//public_html/activesupershopv1.4/" local="131179013391813598" remote="131177372400000000" Dst="0" />
<file name="brand_74.jpg" server="developers.activeitzone.com//public_html/activesupershopv1.4/" local="131179013443149411" remote="131177372400000000" Dst="0" />
<file name="brand_76.jpg" server="developers.activeitzone.com//public_html/activesupershopv1.4/" local="131179013465921780" remote="131177372400000000" Dst="0" />
<file name="brand_75.jpg" server="developers.activeitzone.com//public_html/activesupershopv1.4/" local="131179013443109497" remote="131177372400000000" Dst="0" />
<file name="brand_78.jpg" server="developers.activeitzone.com//public_html/activesupershopv1.4/" local="131179013466747187" remote="131177372400000000" Dst="0" />
<file name="brand_77.jpg" server="developers.activeitzone.com//public_html/activesupershopv1.4/" local="131179013465921780" remote="131177372400000000" Dst="0" />
<file name="brand_79.jpg" server="developers.activeitzone.com//public_html/activesupershopv1.4/" local="131179013487887081" remote="131177372400000000" Dst="0" />
<file name="brand_8.jpg" server="developers.activeitzone.com//public_html/activesupershopv1.4/" local="131179013487897104" remote="131177372400000000" Dst="0" />
<file name="brand_81.jpg" server="developers.activeitzone.com//public_html/activesupershopv1.4/" local="131179013510019058" remote="131177372400000000" Dst="0" />
<file name="brand_80.jpg" server="developers.activeitzone.com//public_html/activesupershopv1.4/" local="131179013488270904" remote="131177372400000000" Dst="0" />
<file name="brand_82.jpg" server="developers.activeitzone.com//public_html/activesupershopv1.4/" local="131179013510019058" remote="131177372400000000" Dst="0" />
<file name="brand_83.jpg" server="developers.activeitzone.com//public_html/activesupershopv1.4/" local="131179013510019058" remote="131177372400000000" Dst="0" />
<file name="brand_84.jpg" server="developers.activeitzone.com//public_html/activesupershopv1.4/" local="131179013534260969" remote="131177372400000000" Dst="0" />
<file name="brand_85.jpg" server="developers.activeitzone.com//public_html/activesupershopv1.4/" local="131179013534260969" remote="131177372400000000" Dst="0" />
<file name="brand_86.jpg" server="developers.activeitzone.com//public_html/activesupershopv1.4/" local="131179013534260969" remote="131177372400000000" Dst="0" />
<file name="brand_87.jpg" server="developers.activeitzone.com//public_html/activesupershopv1.4/" local="131179013649036368" remote="131177372400000000" Dst="0" />
<file name="brand_88.jpg" server="developers.activeitzone.com//public_html/activesupershopv1.4/" local="131179013649126436" remote="131177372400000000" Dst="0" />
<file name="brand_89.jpg" server="developers.activeitzone.com//public_html/activesupershopv1.4/" local="131179013552911036" remote="131177372400000000" Dst="0" />
<file name="brand_9.jpg" server="developers.activeitzone.com//public_html/activesupershopv1.4/" local="131179013670168368" remote="131177372400000000" Dst="0" />
<file name="brand_91.jpg" server="developers.activeitzone.com//public_html/activesupershopv1.4/" local="131179013670168368" remote="131177372400000000" Dst="0" />
<file name="brand_90.jpg" server="developers.activeitzone.com//public_html/activesupershopv1.4/" local="131179013670168368" remote="131177372400000000" Dst="0" />
<file name="brand_92.jpg" server="developers.activeitzone.com//public_html/activesupershopv1.4/" local="131179013751911086" remote="131177372400000000" Dst="0" />
<file name="brand_93.jpg" server="developers.activeitzone.com//public_html/activesupershopv1.4/" local="131179013751901071" remote="131177372400000000" Dst="0" />
<file name="brand_94.jpg" server="developers.activeitzone.com//public_html/activesupershopv1.4/" local="131179013752082052" remote="131177372400000000" Dst="0" />
<file name="brand_95.jpg" server="developers.activeitzone.com//public_html/activesupershopv1.4/" local="131179013790791223" remote="131177372400000000" Dst="0" />
<file name="brand_97.jpg" server="developers.activeitzone.com//public_html/activesupershopv1.4/" local="131179013790947738" remote="131177372400000000" Dst="0" />
<file name="brand_96.jpg" server="developers.activeitzone.com//public_html/activesupershopv1.4/" local="131179013790791223" remote="131177372400000000" Dst="0" />
<file name="brand_98.jpg" server="developers.activeitzone.com//public_html/activesupershopv1.4/" local="131179013814947641" remote="131177372400000000" Dst="0" />
<file name="brand_99.jpg" server="developers.activeitzone.com//public_html/activesupershopv1.4/" local="131179013814907592" remote="131177372400000000" Dst="0" />
<file name="brand_100.jpg" server="developers.activeitzone.com//public_html/activesupershopv1.4/" local="131179012242802561" remote="131177371800000000" Dst="0" />
<file name="brand_101.jpg" server="developers.activeitzone.com//public_html/activesupershopv1.4/" local="131179012264990273" remote="131177371800000000" Dst="0" />
<file name="brand_102.jpg" server="developers.activeitzone.com//public_html/activesupershopv1.4/" local="131179012293965428" remote="131177371800000000" Dst="0" />
<file name="brand_104.jpg" server="developers.activeitzone.com//public_html/activesupershopv1.4/" local="131179012341874268" remote="131177371800000000" Dst="0" />
<file name="brand_103.jpg" server="developers.activeitzone.com//public_html/activesupershopv1.4/" local="131179012319954271" remote="131177371800000000" Dst="0" />
<file name="brand_105.jpg" server="developers.activeitzone.com//public_html/activesupershopv1.4/" local="131179012363905726" remote="131177371800000000" Dst="0" />
<file name="brand_106.jpg" server="developers.activeitzone.com//public_html/activesupershopv1.4/" local="131179012385657347" remote="131177371800000000" Dst="0" />
<file name="brand_107.jpg" server="developers.activeitzone.com//public_html/activesupershopv1.4/" local="131179012411751453" remote="131177371800000000" Dst="0" />
<file name="brand_109.jpg" server="developers.activeitzone.com//public_html/activesupershopv1.4/" local="131179012464941661" remote="131177371800000000" Dst="0" />
<file name="brand_108.jpg" server="developers.activeitzone.com//public_html/activesupershopv1.4/" local="131179012434922175" remote="131177371800000000" Dst="0" />
<file name="brand_110.jpg" server="developers.activeitzone.com//public_html/activesupershopv1.4/" local="131179012516074157" remote="131177371800000000" Dst="0" />
<file name="brand_112.jpg" server="developers.activeitzone.com//public_html/activesupershopv1.4/" local="131179012663841842" remote="131177371800000000" Dst="0" />
<file name="brand_111.jpg" server="developers.activeitzone.com//public_html/activesupershopv1.4/" local="131179012558929617" remote="131177371800000000" Dst="0" />
<file name="brand_113.jpg" server="developers.activeitzone.com//public_html/activesupershopv1.4/" local="131179012734029617" remote="131177371800000000" Dst="0" />
<file name="brand_114.jpg" server="developers.activeitzone.com//public_html/activesupershopv1.4/" local="131179012684935782" remote="131177371800000000" Dst="0" />
<file name="brand_115.jpg" server="developers.activeitzone.com//public_html/activesupershopv1.4/" local="131179012757984427" remote="131177371800000000" Dst="0" />
<file name="brand_118.jpg" server="developers.activeitzone.com//public_html/activesupershopv1.4/" local="131179012757984427" remote="131177371800000000" Dst="0" />
<file name="brand_116.jpg" server="developers.activeitzone.com//public_html/activesupershopv1.4/" local="131179012734029617" remote="131177371800000000" Dst="0" />
<file name="brand_117.jpg" server="developers.activeitzone.com//public_html/activesupershopv1.4/" local="131179012757984427" remote="131177371800000000" Dst="0" />
<file name="brand_119.jpg" server="developers.activeitzone.com//public_html/activesupershopv1.4/" local="131179012779798521" remote="131177371800000000" Dst="0" />
<file name="brand_120.jpg" server="developers.activeitzone.com//public_html/activesupershopv1.4/" local="131179012779798521" remote="131177371800000000" Dst="0" />
<file name="brand_122.jpg" server="developers.activeitzone.com//public_html/activesupershopv1.4/" local="131179012811925384" remote="131177371800000000" Dst="0" />
<file name="brand_121.jpg" server="developers.activeitzone.com//public_html/activesupershopv1.4/" local="131179012811895359" remote="131177371800000000" Dst="0" />
<file name="brand_123.jpg" server="developers.activeitzone.com//public_html/activesupershopv1.4/" local="131179012805843922" remote="131177371800000000" Dst="0" />
<file name="brand_125.jpg" server="developers.activeitzone.com//public_html/activesupershopv1.4/" local="131179012832923165" remote="131177371800000000" Dst="0" />
<file name="brand_126.jpg" server="developers.activeitzone.com//public_html/activesupershopv1.4/" local="131179012826829469" remote="131177371800000000" Dst="0" />
<file name="brand_124.jpg" server="developers.activeitzone.com//public_html/activesupershopv1.4/" local="131179012832766899" remote="131177371800000000" Dst="0" />
<file name="brand_127.jpg" server="developers.activeitzone.com//public_html/activesupershopv1.4/" local="131179012853984290" remote="131177371800000000" Dst="0" />
<file name="brand_129.jpg" server="developers.activeitzone.com//public_html/activesupershopv1.4/" local="131179012853927538" remote="131177371800000000" Dst="0" />
<file name="brand_128.jpg" server="developers.activeitzone.com//public_html/activesupershopv1.4/" local="131179012847855369" remote="131177371800000000" Dst="0" />
<file name="brand_130.png" server="developers.activeitzone.com//public_html/activesupershopv1.4/" local="131179012875258313" remote="131177371800000000" Dst="0" />
<file name="brand_130.jpg" server="developers.activeitzone.com//public_html/activesupershopv1.4/" local="131179012875258313" remote="131177371800000000" Dst="0" />
<file name="brand_132.jpg" server="developers.activeitzone.com//public_html/activesupershopv1.4/" local="131179012901977301" remote="131177371800000000" Dst="0" />
<file name="brand_131.jpg" server="developers.activeitzone.com//public_html/activesupershopv1.4/" local="131179012901977301" remote="131177371800000000" Dst="0" />
<file name="brand_131.png" server="developers.activeitzone.com//public_html/activesupershopv1.4/" local="131179012901977301" remote="131177371800000000" Dst="0" />
<file name="brand_133.jpg" server="developers.activeitzone.com//public_html/activesupershopv1.4/" local="131179012926881860" remote="131177371800000000" Dst="0" />
<file name="brand_134.jpg" server="developers.activeitzone.com//public_html/activesupershopv1.4/" local="131179012926881860" remote="131177371800000000" Dst="0" />
<file name="brand_135.jpg" server="developers.activeitzone.com//public_html/activesupershopv1.4/" local="131179012926725606" remote="131177371800000000" Dst="0" />
<file name="brand_136.jpg" server="developers.activeitzone.com//public_html/activesupershopv1.4/" local="131179012947870624" remote="131177371800000000" Dst="0" />
<file name="brand_137.jpg" server="developers.activeitzone.com//public_html/activesupershopv1.4/" local="131179012947870624" remote="131177371800000000" Dst="0" />
<file name="brand_138.jpg" server="developers.activeitzone.com//public_html/activesupershopv1.4/" local="131179012941862535" remote="131177371800000000" Dst="0" />
<file name="brand_139.jpg" server="developers.activeitzone.com//public_html/activesupershopv1.4/" local="131179012968791383" remote="131177371800000000" Dst="0" />
<file name="brand_140.jpg" server="developers.activeitzone.com//public_html/activesupershopv1.4/" local="131179012962951560" remote="131177371800000000" Dst="0" />
<file name="brand_141.jpg" server="developers.activeitzone.com//public_html/activesupershopv1.4/" local="131179012989916744" remote="131177371800000000" Dst="0" />
</dwsync>