<?xml version="1.0" encoding="utf-8" ?>
<dwsync>
<file name="already_cart.mp3" server="developers.activeitzone.com//public_html/activesupershopv1.4/" local="131179011354691580" remote="131177370600000000" Dst="0" />
<file name="captcha_incorrect.mp3" server="developers.activeitzone.com//public_html/activesupershopv1.4/" local="131179011354691580" remote="131177371200000000" Dst="0" />
<file name="cart_empty.mp3" server="developers.activeitzone.com//public_html/activesupershopv1.4/" local="131179011379848080" remote="131177371200000000" Dst="0" />
<file name="cart_shortage.mp3" server="developers.activeitzone.com//public_html/activesupershopv1.4/" local="131179011394743637" remote="131177371200000000" Dst="0" />
<file name="cart_product_removed.mp3" server="developers.activeitzone.com//public_html/activesupershopv1.4/" local="131179011379848080" remote="131177371200000000" Dst="0" />
<file name="form_submit_problem.mp3" server="developers.activeitzone.com//public_html/activesupershopv1.4/" local="131179011394783654" remote="131177371200000000" Dst="0" />
<file name="profile_update_fail.mp3" server="developers.activeitzone.com//public_html/activesupershopv1.4/" local="131179011409917301" remote="131177371200000000" Dst="0" />
<file name="profile_update_success.mp3" server="developers.activeitzone.com//public_html/activesupershopv1.4/" local="131179011409867285" remote="131177371200000000" Dst="0" />
<file name="successful_login.mp3" server="developers.activeitzone.com//public_html/activesupershopv1.4/" local="131179011430873977" remote="131177371200000000" Dst="0" />
<file name="message_sent.mp3" server="developers.activeitzone.com//public_html/activesupershopv1.4/" local="131179011409827245" remote="131177371200000000" Dst="0" />
<file name="successful_cart.mp3" server="developers.activeitzone.com//public_html/activesupershopv1.4/" local="131179011430843952" remote="131177371200000000" Dst="0" />
<file name="unsuccessful_login.mp3" server="developers.activeitzone.com//public_html/activesupershopv1.4/" local="131179011448826473" remote="131177371200000000" Dst="0" />
<file name="successful_wish.mp3" server="developers.activeitzone.com//public_html/activesupershopv1.4/" local="131179011448766425" remote="131177371200000000" Dst="0" />
</dwsync>