<?xml version="1.0" encoding="utf-8" ?>
<dwsync>
<file name="Lato.jpg" server="developers.activeitzone.com//public_html/activesupershopv1.4/" local="131179013973033021" remote="131177373000000000" Dst="0" />
<file name="Lobster.jpg" server="developers.activeitzone.com//public_html/activesupershopv1.4/" local="131179013975897610" remote="131177373000000000" Dst="0" />
<file name="Oswald.jpg" server="developers.activeitzone.com//public_html/activesupershopv1.4/" local="131179013991014745" remote="131177373000000000" Dst="0" />
<file name="Roboto.jpg" server="developers.activeitzone.com//public_html/activesupershopv1.4/" local="131179014005949143" remote="131177373000000000" Dst="0" />
<file name="New_Rocker.jpg" server="developers.activeitzone.com//public_html/activesupershopv1.4/" local="131179013991014745" remote="131177373000000000" Dst="0" />
<file name="Slabo_27px.jpg" server="developers.activeitzone.com//public_html/activesupershopv1.4/" local="131179014024080604" remote="131177373000000000" Dst="0" />
<file name="Salsa.jpg" server="developers.activeitzone.com//public_html/activesupershopv1.4/" local="131179014008918045" remote="131177373000000000" Dst="0" />
<file name="Ubuntu.jpg" server="developers.activeitzone.com//public_html/activesupershopv1.4/" local="131179014024090616" remote="131177373000000000" Dst="0" />
<file name="Fjalla_One.jpg" server="developers.activeitzone.com//public_html/activesupershopv1.4/" local="131179013958038288" remote="131177373000000000" Dst="0" />
<file name="Fjord_One.jpg" server="developers.activeitzone.com//public_html/activesupershopv1.4/" local="131179013958038288" remote="131177373000000000" Dst="0" />
</dwsync>