<?xml version="1.0" encoding="utf-8" ?>
<dwsync>
<file name="sub_category_18.jpg" server="developers.activeitzone.com//public_html/activesupershopv1.4/" local="131179020759107653" remote="131177376600000000" Dst="0" />
<file name="sub_category_19.jpg" server="developers.activeitzone.com//public_html/activesupershopv1.4/" local="131179020780143674" remote="131177376600000000" Dst="0" />
<file name="sub_category_14.jpg" server="developers.activeitzone.com//public_html/activesupershopv1.4/" local="131179020737815699" remote="131177376600000000" Dst="0" />
<file name="sub_category_16.jpg" server="developers.activeitzone.com//public_html/activesupershopv1.4/" local="131177376604073944" remote="131175748200000000" Dst="0" />
<file name="sub_category_6.jpg" server="developers.activeitzone.com//public_html/activesupershopv1.4/" local="131179022037262153" remote="131177376600000000" Dst="0" />
<file name="sub_category_1.jpg" server="developers.activeitzone.com//public_html/activesupershopv1.4/" local="131179020638305167" remote="131177376000000000" Dst="0" />
<file name="sub_category_10.jpg" server="developers.activeitzone.com//public_html/activesupershopv1.4/" local="131179024330335827" remote="131177376000000000" Dst="0" />
<file name="sub_category_11.jpg" server="developers.activeitzone.com//public_html/activesupershopv1.4/" local="131179020695877892" remote="131177376000000000" Dst="0" />
<file name="sub_category_12.jpg" server="developers.activeitzone.com//public_html/activesupershopv1.4/" local="131179020722805851" remote="131177376000000000" Dst="0" />
<file name="sub_category_13.jpg" server="developers.activeitzone.com//public_html/activesupershopv1.4/" local="131177376604033904" remote="131175762600000000" Dst="0" />
<file name="sub_category_15.jpg" server="developers.activeitzone.com//public_html/activesupershopv1.4/" local="131179024349065493" remote="131177376600000000" Dst="0" />
<file name="sub_category_17.jpg" server="developers.activeitzone.com//public_html/activesupershopv1.4/" local="131177376604113973" remote="131175751800000000" Dst="0" />
<file name="sub_category_2.jpg" server="developers.activeitzone.com//public_html/activesupershopv1.4/" local="131179020801335529" remote="131177376600000000" Dst="0" />
<file name="sub_category_20.jpg" server="developers.activeitzone.com//public_html/activesupershopv1.4/" local="131179020822458719" remote="131177376600000000" Dst="0" />
<file name="sub_category_21.jpg" server="developers.activeitzone.com//public_html/activesupershopv1.4/" local="131179020843677776" remote="131177376600000000" Dst="0" />
<file name="sub_category_22.jpg" server="developers.activeitzone.com//public_html/activesupershopv1.4/" local="131179020864826770" remote="131177376600000000" Dst="0" />
<file name="sub_category_23.jpg" server="developers.activeitzone.com//public_html/activesupershopv1.4/" local="131179020885971092" remote="131177376600000000" Dst="0" />
<file name="sub_category_24.jpg" server="developers.activeitzone.com//public_html/activesupershopv1.4/" local="131179020907489144" remote="131177376600000000" Dst="0" />
<file name="sub_category_25.jpg" server="developers.activeitzone.com//public_html/activesupershopv1.4/" local="131179020928428190" remote="131177376600000000" Dst="0" />
<file name="sub_category_26.jpg" server="developers.activeitzone.com//public_html/activesupershopv1.4/" local="131179020959318932" remote="131177376600000000" Dst="0" />
<file name="sub_category_27.jpg" server="developers.activeitzone.com//public_html/activesupershopv1.4/" local="131179020981272032" remote="131177376600000000" Dst="0" />
<file name="sub_category_28.jpg" server="developers.activeitzone.com//public_html/activesupershopv1.4/" local="131179021002837792" remote="131177376600000000" Dst="0" />
<file name="sub_category_29.jpg" server="developers.activeitzone.com//public_html/activesupershopv1.4/" local="131179021024265852" remote="131177376600000000" Dst="0" />
<file name="sub_category_3.jpg" server="developers.activeitzone.com//public_html/activesupershopv1.4/" local="131179021046547461" remote="131177376600000000" Dst="0" />
<file name="sub_category_30.jpg" server="developers.activeitzone.com//public_html/activesupershopv1.4/" local="131179021068554498" remote="131177376600000000" Dst="0" />
<file name="sub_category_31.jpg" server="developers.activeitzone.com//public_html/activesupershopv1.4/" local="131179021093418396" remote="131177376600000000" Dst="0" />
<file name="sub_category_32.jpg" server="developers.activeitzone.com//public_html/activesupershopv1.4/" local="131179021118415639" remote="131177376600000000" Dst="0" />
<file name="sub_category_33.jpg" server="developers.activeitzone.com//public_html/activesupershopv1.4/" local="131179024380158163" remote="131177376600000000" Dst="0" />
<file name="sub_category_34.jpg" server="developers.activeitzone.com//public_html/activesupershopv1.4/" local="131179021382204720" remote="131177376600000000" Dst="0" />
<file name="sub_category_35.jpg" server="developers.activeitzone.com//public_html/activesupershopv1.4/" local="131179021379446815" remote="131177376600000000" Dst="0" />
<file name="sub_category_36.jpg" server="developers.activeitzone.com//public_html/activesupershopv1.4/" local="131179021397305380" remote="131177376600000000" Dst="0" />
<file name="sub_category_37.jpg" server="developers.activeitzone.com//public_html/activesupershopv1.4/" local="131179021400350275" remote="131177376600000000" Dst="0" />
<file name="sub_category_39.jpg" server="developers.activeitzone.com//public_html/activesupershopv1.4/" local="131179021415304810" remote="131177376600000000" Dst="0" />
<file name="sub_category_40.jpg" server="developers.activeitzone.com//public_html/activesupershopv1.4/" local="131179021426511835" remote="131177376600000000" Dst="0" />
<file name="sub_category_5.jpg" server="developers.activeitzone.com//public_html/activesupershopv1.4/" local="131179021541338921" remote="131177376600000000" Dst="0" />
<file name="sub_category_7.jpg" server="developers.activeitzone.com//public_html/activesupershopv1.4/" local="131179022087287574" remote="131177376600000000" Dst="0" />
<file name="sub_category_8.jpg" server="developers.activeitzone.com//public_html/activesupershopv1.4/" local="131179022109272834" remote="131177376600000000" Dst="0" />
<file name="sub_category_9.jpg" server="developers.activeitzone.com//public_html/activesupershopv1.4/" local="131179022131414160" remote="131177376600000000" Dst="0" />
<file name="sub_category_42.jpg" server="developers.activeitzone.com//public_html/activesupershopv1.4/" local="131179021434884129" remote="131177376600000000" Dst="0" />
<file name="sub_category_44.jpg" server="developers.activeitzone.com//public_html/activesupershopv1.4/" local="131179021448889114" remote="131177376600000000" Dst="0" />
<file name="sub_category_41.jpg" server="developers.activeitzone.com//public_html/activesupershopv1.4/" local="131179021434884129" remote="131177376600000000" Dst="0" />
<file name="sub_category_43.jpg" server="developers.activeitzone.com//public_html/activesupershopv1.4/" local="131179021448889114" remote="131177376600000000" Dst="0" />
<file name="sub_category_45.jpg" server="developers.activeitzone.com//public_html/activesupershopv1.4/" local="131179021464261925" remote="131177376600000000" Dst="0" />
<file name="sub_category_46.jpg" server="developers.activeitzone.com//public_html/activesupershopv1.4/" local="131179021464281936" remote="131177376600000000" Dst="0" />
<file name="sub_category_47.jpg" server="developers.activeitzone.com//public_html/activesupershopv1.4/" local="131179021495975010" remote="131177376600000000" Dst="0" />
<file name="sub_category_49.jpg" server="developers.activeitzone.com//public_html/activesupershopv1.4/" local="131179021541135064" remote="131177376600000000" Dst="0" />
<file name="sub_category_48.jpg" server="developers.activeitzone.com//public_html/activesupershopv1.4/" local="131179021499211237" remote="131177376600000000" Dst="0" />
<file name="sub_category_50.jpg" server="developers.activeitzone.com//public_html/activesupershopv1.4/" local="131179024363465608" remote="131177376600000000" Dst="0" />
<file name="sub_category_51.jpg" server="developers.activeitzone.com//public_html/activesupershopv1.4/" local="131179024363505745" remote="131177376600000000" Dst="0" />
<file name="sub_category_52.jpg" server="developers.activeitzone.com//public_html/activesupershopv1.4/" local="131179021845407215" remote="131177376600000000" Dst="0" />
<file name="sub_category_53.jpg" server="developers.activeitzone.com//public_html/activesupershopv1.4/" local="131179021870235155" remote="131177376600000000" Dst="0" />
<file name="sub_category_54.jpg" server="developers.activeitzone.com//public_html/activesupershopv1.4/" local="131179021892262974" remote="131177376600000000" Dst="0" />
<file name="sub_category_55.jpg" server="developers.activeitzone.com//public_html/activesupershopv1.4/" local="131179021917392745" remote="131177376600000000" Dst="0" />
<file name="sub_category_56.jpg" server="developers.activeitzone.com//public_html/activesupershopv1.4/" local="131179021939263708" remote="131177690400000000" Dst="0" />
<file name="sub_category_57.jpg" server="developers.activeitzone.com//public_html/activesupershopv1.4/" local="131179021964872349" remote="131177769600000000" Dst="0" />
<file name="sub_category_58.jpg" server="developers.activeitzone.com//public_html/activesupershopv1.4/" local="131179021990189602" remote="131177774400000000" Dst="0" />
<file name="sub_category_59.jpg" server="developers.activeitzone.com//public_html/activesupershopv1.4/" local="131179022015153175" remote="131177861400000000" Dst="0" />
<file name="sub_category_60.jpg" server="developers.activeitzone.com//public_html/activesupershopv1.4/" local="131179022065082646" remote="131177867400000000" Dst="0" />
</dwsync>